id,first_name,last_name,email,gender,ip_address
1,Emily,Arnold,earnold0@intel.com,Female,91.182.95.124
2,Maria,Morrison,mmorrison1@qq.com,Female,114.133.209.123
3,Gregory,Hill,ghill2@nydailynews.com,Male,25.170.172.153
4,Christopher,Reed,creed3@ca.gov,Male,227.101.128.68
5,Scott,Freeman,sfreeman4@symantec.com,Male,230.33.89.48
6,Anne,Banks,abanks5@nifty.com,Female,8.99.216.200
7,Kevin,Wells,kwells6@tinypic.com,Male,29.27.228.160
8,Matthew,Holmes,mholmes7@liveinternet.ru,Male,202.9.222.121
9,Shawn,Nichols,snichols8@nba.com,Male,21.20.36.187
10,John,Howard,jhoward9@eventbrite.com,Male,77.15.31.6
11,Marie,Lynch,mlyncha@guardian.co.uk,Female,85.16.107.41
12,Gregory,Rivera,griverab@washingtonpost.com,Male,169.161.158.205
13,Emily,Ortiz,eortizc@unesco.org,Female,94.116.22.191
14,Kathy,Jacobs,kjacobsd@acquirethisname.com,Female,62.100.0.217
15,Michelle,Olson,molsone@shinystat.com,Female,85.216.136.150
16,Doris,Crawford,dcrawfordf@oaic.gov.au,Female,180.244.197.98
17,Christina,Morris,cmorrisg@alibaba.com,Female,167.205.222.24
18,Joe,Ellis,jellish@bizjournals.com,Male,67.206.143.102
19,George,Franklin,gfranklini@indiatimes.com,Male,166.28.19.23
20,Ruby,Rice,rricej@ifeng.com,Female,103.240.100.219
21,Catherine,Gomez,cgomezk@altervista.org,Female,225.170.245.15
22,Lillian,Robertson,lrobertsonl@symantec.com,Female,99.243.17.165
23,Melissa,Ford,mfordm@alexa.com,Female,57.189.12.119
24,Joan,Stevens,jstevensn@ft.com,Female,70.117.124.72
25,Irene,Gibson,igibsono@trellian.com,Female,2.117.130.179
26,Bobby,Cooper,bcooperp@networkadvertising.org,Male,179.191.209.228
27,Robin,Carr,rcarrq@vistaprint.com,Female,193.184.35.126
28,Carol,Morris,cmorrisr@nps.gov,Female,76.239.30.115
29,Paul,Richardson,prichardsons@newsvine.com,Male,189.115.232.17
30,Scott,Hanson,shansont@gravatar.com,Male,58.183.76.172
31,Karen,Graham,kgrahamu@sciencedirect.com,Female,172.212.97.47
32,Justin,Robertson,jrobertsonv@alibaba.com,Male,234.179.107.154
33,Anna,Garza,agarzaw@sourceforge.net,Female,124.26.106.136
34,Lori,George,lgeorgex@sourceforge.net,Female,26.192.243.254
35,Willie,Hughes,whughesy@taobao.com,Male,109.27.231.53
36,Ann,Adams,aadamsz@technorati.com,Female,171.140.245.28
37,Cynthia,Ferguson,cferguson10@thetimes.co.uk,Female,141.81.229.74
38,Louise,Lopez,llopez11@people.com.cn,Female,44.32.45.201
39,Mildred,Sanchez,msanchez12@slashdot.org,Female,98.10.211.32
40,Christine,Banks,cbanks13@dropbox.com,Female,101.138.100.169
41,Craig,Tucker,ctucker14@google.com.br,Male,229.49.248.143
42,Billy,Grant,bgrant15@home.pl,Male,162.219.42.141
43,Tina,Ellis,tellis16@cnn.com,Female,88.117.84.4
44,Paula,Rice,price17@uiuc.edu,Female,33.121.4.94
45,Doris,Harrison,dharrison18@xinhuanet.com,Female,11.226.16.229
46,Sara,Chavez,schavez19@home.pl,Female,227.94.1.96
47,Anthony,Graham,agraham1a@t-online.de,Male,208.73.249.48
48,Brandon,George,bgeorge1b@usa.gov,Male,8.66.222.106
49,Norma,Castillo,ncastillo1c@alibaba.com,Female,157.56.127.173
50,Mildred,Reyes,mreyes1d@prlog.org,Female,6.109.29.218
51,Richard,Carroll,rcarroll1e@free.fr,Male,87.100.132.78
52,Kimberly,Cooper,kcooper1f@addtoany.com,Female,139.236.246.228
53,Marilyn,Coleman,mcoleman1g@ucsd.edu,Female,40.2.130.150
54,Christine,Ramirez,cramirez1h@apache.org,Female,120.108.39.222
55,William,Harrison,wharrison1i@reference.com,Male,17.102.78.7
56,Russell,Andrews,randrews1j@jalbum.net,Male,97.77.51.254
57,Tina,Carter,tcarter1k@samsung.com,Female,149.237.110.21
58,Kathleen,Watkins,kwatkins1l@g.co,Female,108.154.212.59
59,Kathy,George,kgeorge1m@boston.com,Female,226.120.30.57
60,Todd,Brooks,tbrooks1n@google.ca,Male,233.128.172.235
61,Harry,Evans,hevans1o@illinois.edu,Male,110.206.115.34
62,Tina,Hunt,thunt1p@ask.com,Female,129.147.171.213
63,Patricia,Greene,pgreene1q@reverbnation.com,Female,74.254.92.108
64,Anthony,Gray,agray1r@newyorker.com,Male,160.79.177.41
65,Carolyn,Owens,cowens1s@ovh.net,Female,170.60.39.112
66,Christina,Crawford,ccrawford1t@psu.edu,Female,129.221.65.185
67,Lawrence,Porter,lporter1u@nationalgeographic.com,Male,167.73.204.95
68,Matthew,Torres,mtorres1v@accuweather.com,Male,30.191.60.224
69,Billy,Banks,bbanks1w@cyberchimps.com,Male,222.156.62.160
70,Roy,Greene,rgreene1x@fastcompany.com,Male,152.249.217.73
71,Adam,Oliver,aoliver1y@forbes.com,Male,242.9.125.239
72,Keith,Reid,kreid1z@xing.com,Male,46.135.175.219
73,Timothy,Wood,twood20@yolasite.com,Male,141.78.221.152
74,Frank,White,fwhite21@cargocollective.com,Male,61.105.20.145
75,Theresa,Tucker,ttucker22@theatlantic.com,Female,58.56.121.218
76,Marie,Jacobs,mjacobs23@elegantthemes.com,Female,54.22.212.19
77,Nicole,Williams,nwilliams24@accuweather.com,Female,11.46.239.49
78,Denise,Edwards,dedwards25@etsy.com,Female,174.218.226.53
79,Roger,Mason,rmason26@pagesperso-orange.fr,Male,163.233.109.155
80,Samuel,Adams,sadams27@angelfire.com,Male,102.11.96.5
81,Beverly,Hanson,bhanson28@dedecms.com,Female,75.112.150.183
82,Samuel,Crawford,scrawford29@theguardian.com,Male,167.44.174.129
83,Theresa,Mason,tmason2a@shutterfly.com,Female,67.16.189.222
84,Ruth,West,rwest2b@statcounter.com,Female,2.55.96.154
85,Heather,Ryan,hryan2c@kickstarter.com,Female,246.255.195.189
86,Kathy,Snyder,ksnyder2d@trellian.com,Female,118.17.114.109
87,Thomas,Myers,tmyers2e@is.gd,Male,74.139.177.179
88,Terry,Payne,tpayne2f@sogou.com,Male,201.92.170.54
89,Brenda,Henry,bhenry2g@altervista.org,Female,128.90.120.131
90,Teresa,Tucker,ttucker2h@ameblo.jp,Female,86.176.4.26
91,Johnny,Hamilton,jhamilton2i@goo.gl,Male,142.94.119.249
92,Nancy,Gutierrez,ngutierrez2j@acquirethisname.com,Female,69.81.88.193
93,Jane,Gray,jgray2k@businesswire.com,Female,204.132.96.5
94,Jane,Adams,jadams2l@squidoo.com,Female,87.200.147.150
95,Jack,Grant,jgrant2m@go.com,Male,126.128.197.213
96,Brandon,Banks,bbanks2n@parallels.com,Male,155.12.167.148
97,Jonathan,Meyer,jmeyer2o@e-recht24.de,Male,54.209.175.116
98,Scott,Thompson,sthompson2p@ameblo.jp,Male,228.165.140.163
99,Charles,Lee,clee2q@noaa.gov,Male,10.73.103.108
100,Amanda,Ramos,aramos2r@mapy.cz,Female,33.216.241.204
101,Carolyn,Palmer,cpalmer2s@issuu.com,Female,8.91.137.241
102,Harold,Rodriguez,hrodriguez2t@ifeng.com,Male,137.133.169.38
103,Dorothy,Gonzalez,dgonzalez2u@globo.com,Female,25.193.84.232
104,Dennis,Thomas,dthomas2v@istockphoto.com,Male,48.165.161.247
105,Terry,Nguyen,tnguyen2w@stumbleupon.com,Male,124.199.227.199
106,Samuel,Phillips,sphillips2x@sogou.com,Male,1.178.72.178
107,Charles,Fox,cfox2y@wp.com,Male,170.75.223.3
108,Ruby,James,rjames2z@soundcloud.com,Female,219.62.130.208
109,Robin,Weaver,rweaver30@is.gd,Female,73.183.161.26
110,Gerald,Ray,gray31@theglobeandmail.com,Male,96.194.194.229
111,Bonnie,Williams,bwilliams32@sun.com,Female,47.69.29.34
112,Gerald,Parker,gparker33@slate.com,Male,32.57.67.164
113,Todd,Garza,tgarza34@goo.ne.jp,Male,117.57.17.109
114,Jimmy,Nguyen,jnguyen35@a8.net,Male,198.29.22.154
115,Joseph,Peters,jpeters36@delicious.com,Male,109.214.249.107
116,Scott,West,swest37@pcworld.com,Male,142.13.249.63
117,Gary,Riley,griley38@alexa.com,Male,83.248.121.194
118,Todd,Perkins,tperkins39@illinois.edu,Male,151.43.146.197
119,Jessica,Ferguson,jferguson3a@intel.com,Female,15.233.143.133
120,Andrea,Gutierrez,agutierrez3b@1und1.de,Female,159.142.100.240
121,Angela,Powell,apowell3c@illinois.edu,Female,190.230.152.70
122,Theresa,Cunningham,tcunningham3d@mashable.com,Female,63.67.159.242
123,Billy,Owens,bowens3e@netscape.com,Male,249.110.160.221
124,Linda,Richardson,lrichardson3f@sitemeter.com,Female,32.128.39.57
125,Joe,Clark,jclark3g@epa.gov,Male,79.147.131.73
126,Sarah,Hanson,shanson3h@instagram.com,Female,126.135.225.64
127,Paula,Black,pblack3i@trellian.com,Female,124.180.121.76
128,Dennis,Adams,dadams3j@twitter.com,Male,254.53.250.161
129,Susan,Spencer,sspencer3k@taobao.com,Female,190.33.117.191
130,Louise,Harvey,lharvey3l@foxnews.com,Female,229.85.97.102
131,John,Gutierrez,jgutierrez3m@gizmodo.com,Male,237.30.0.242
132,Harold,Gilbert,hgilbert3n@trellian.com,Male,126.12.169.224
133,Kenneth,Warren,kwarren3o@cdbaby.com,Male,70.112.214.88
134,Robert,Kelley,rkelley3p@dion.ne.jp,Male,142.18.91.0
135,Ralph,Reid,rreid3q@sohu.com,Male,122.95.230.2
136,Andrew,Johnson,ajohnson3r@house.gov,Male,92.195.14.157
137,Timothy,Morales,tmorales3s@columbia.edu,Male,40.173.21.25
138,Michael,Hawkins,mhawkins3t@wikispaces.com,Male,215.206.206.1
139,Gregory,Reed,greed3u@desdev.cn,Male,31.198.212.6
140,Nancy,Sanders,nsanders3v@dot.gov,Female,253.203.66.123
141,Donna,Martinez,dmartinez3w@home.pl,Female,253.130.79.208
142,Roger,Howard,rhoward3x@merriam-webster.com,Male,173.44.9.187
143,Steven,Cruz,scruz3y@wp.com,Male,54.120.89.210
144,Amanda,Lee,alee3z@de.vu,Female,138.214.77.190
145,David,Weaver,dweaver40@taobao.com,Male,119.114.151.163
146,Paula,Williamson,pwilliamson41@webs.com,Female,236.132.165.238
147,Shawn,Brooks,sbrooks42@paginegialle.it,Male,90.7.21.147
148,Philip,Gomez,pgomez43@lulu.com,Male,164.211.69.184
149,Sean,Price,sprice44@digg.com,Male,83.192.219.154
150,Tammy,Hunt,thunt45@cdc.gov,Female,110.171.75.141
151,Emily,Ortiz,eortiz46@amazonaws.com,Female,107.2.28.19
152,Amy,Payne,apayne47@answers.com,Female,238.92.152.115
153,Joyce,White,jwhite48@webmd.com,Female,100.12.150.201
154,Joshua,Peterson,jpeterson49@sciencedirect.com,Male,194.184.86.147
155,Jonathan,Bennett,jbennett4a@hexun.com,Male,98.193.102.251
156,Margaret,Rogers,mrogers4b@bloglines.com,Female,180.238.53.34
157,Sandra,Grant,sgrant4c@discovery.com,Female,193.227.173.125
158,Brandon,Little,blittle4d@sakura.ne.jp,Male,220.61.58.16
159,Albert,Diaz,adiaz4e@paypal.com,Male,225.12.184.85
160,Judith,Harvey,jharvey4f@umn.edu,Female,10.59.206.31
161,Douglas,Washington,dwashington4g@paginegialle.it,Male,117.34.52.207
162,Deborah,Martin,dmartin4h@simplemachines.org,Female,99.54.50.211
163,Kathleen,Richards,krichards4i@businesswire.com,Female,72.82.241.45
164,Betty,Ellis,bellis4j@go.com,Female,223.204.70.65
165,Heather,Bradley,hbradley4k@flavors.me,Female,167.129.3.85
166,Todd,Mcdonald,tmcdonald4l@desdev.cn,Male,47.255.194.65
167,Diane,Lawrence,dlawrence4m@google.de,Female,0.32.21.165
168,Sara,Hill,shill4n@privacy.gov.au,Female,193.243.38.95
169,Judith,Webb,jwebb4o@domainmarket.com,Female,180.220.162.254
170,Julia,Mcdonald,jmcdonald4p@nydailynews.com,Female,33.34.176.122
171,Joan,Chavez,jchavez4q@hugedomains.com,Female,63.248.112.1
172,Wayne,Walker,wwalker4r@abc.net.au,Male,96.166.22.41
173,Diana,Martinez,dmartinez4s@oaic.gov.au,Female,133.47.112.169
174,Susan,Miller,smiller4t@is.gd,Female,84.245.39.202
175,Lawrence,Garrett,lgarrett4u@fc2.com,Male,218.105.9.254
176,Alan,Butler,abutler4v@xrea.com,Male,65.194.35.12
177,Donna,Green,dgreen4w@lulu.com,Female,149.127.4.181
178,Anthony,Mcdonald,amcdonald4x@homestead.com,Male,21.214.120.210
179,Brandon,Gardner,bgardner4y@tmall.com,Male,133.228.36.218
180,Paul,Carroll,pcarroll4z@tamu.edu,Male,183.234.112.38
181,Shawn,Young,syoung50@plala.or.jp,Male,145.139.229.176
182,Raymond,Harper,rharper51@bravesites.com,Male,124.190.26.116
183,George,Mcdonald,gmcdonald52@icq.com,Male,50.56.68.52
184,Lisa,Berry,lberry53@youku.com,Female,19.14.213.166
185,Janet,Romero,jromero54@msn.com,Female,40.185.163.213
186,Katherine,Hicks,khicks55@google.ca,Female,121.51.103.147
187,Maria,Larson,mlarson56@slideshare.net,Female,200.163.167.178
188,Annie,Kelley,akelley57@accuweather.com,Female,85.206.161.114
189,David,Martin,dmartin58@prlog.org,Male,132.230.0.31
190,Pamela,Bell,pbell59@berkeley.edu,Female,197.194.64.170
191,Kevin,Alvarez,kalvarez5a@yellowbook.com,Male,187.61.42.17
192,Robin,Long,rlong5b@cloudflare.com,Female,219.157.246.140
193,Randy,Stone,rstone5c@msn.com,Male,107.128.34.209
194,Rachel,Fisher,rfisher5d@cloudflare.com,Female,186.163.238.70
195,Brenda,Collins,bcollins5e@paypal.com,Female,172.129.48.17
196,Walter,Gibson,wgibson5f@naver.com,Male,68.35.252.79
197,Terry,Hernandez,thernandez5g@opera.com,Male,106.147.238.184
198,Harold,Dixon,hdixon5h@cyberchimps.com,Male,226.154.102.46
199,Carl,Gonzalez,cgonzalez5i@joomla.org,Male,138.196.83.204
200,Shirley,Richards,srichards5j@state.tx.us,Female,153.168.159.3
201,Lori,Garza,lgarza5k@xrea.com,Female,63.250.196.78
202,Carolyn,Andrews,candrews5l@ning.com,Female,198.110.247.56
203,Carl,Evans,cevans5m@weather.com,Male,139.127.190.194
204,Shawn,Riley,sriley5n@github.io,Male,127.154.204.26
205,Dorothy,Thomas,dthomas5o@reddit.com,Female,198.125.234.250
206,Kimberly,Mccoy,kmccoy5p@people.com.cn,Female,58.97.174.170
207,Nicole,Jenkins,njenkins5q@bizjournals.com,Female,16.151.93.122
208,Katherine,Jordan,kjordan5r@dyndns.org,Female,39.68.146.168
209,Adam,Porter,aporter5s@globo.com,Male,179.46.231.100
210,Carolyn,Stanley,cstanley5t@squidoo.com,Female,24.75.111.81
211,Nicholas,Peters,npeters5u@rambler.ru,Male,162.64.145.57
212,Shirley,Gardner,sgardner5v@free.fr,Female,29.155.95.114
213,Walter,Tucker,wtucker5w@google.nl,Male,163.171.251.114
214,Lisa,Porter,lporter5x@discuz.net,Female,162.50.233.220
215,Lori,Smith,lsmith5y@yolasite.com,Female,15.89.159.83
216,Matthew,Moreno,mmoreno5z@vk.com,Male,11.70.34.163
217,Wanda,Simmons,wsimmons60@cloudflare.com,Female,12.84.249.101
218,Jeremy,Fox,jfox61@nifty.com,Male,64.38.10.230
219,Peter,Sanders,psanders62@wp.com,Male,239.102.229.21
220,Anthony,Miller,amiller63@ucoz.com,Male,81.200.31.225
221,Kathy,Hayes,khayes64@discuz.net,Female,83.77.9.96
222,Sharon,Wood,swood65@msn.com,Female,136.156.223.42
223,Jessica,Torres,jtorres66@google.ru,Female,238.215.223.248
224,Jeffrey,Rivera,jrivera67@creativecommons.org,Male,161.52.237.143
225,Theresa,Mcdonald,tmcdonald68@techcrunch.com,Female,184.74.211.71
226,Willie,Brooks,wbrooks69@squidoo.com,Male,59.9.96.245
227,Victor,Armstrong,varmstrong6a@msu.edu,Male,141.233.120.193
228,Jeremy,White,jwhite6b@wikipedia.org,Male,251.159.225.159
229,Mark,Bishop,mbishop6c@xinhuanet.com,Male,178.183.0.4
230,Craig,Clark,cclark6d@infoseek.co.jp,Male,78.170.21.179
231,Lori,Diaz,ldiaz6e@nydailynews.com,Female,172.122.246.137
232,Eugene,Castillo,ecastillo6f@spotify.com,Male,80.114.86.178
233,Doris,Harris,dharris6g@accuweather.com,Female,139.203.67.73
234,Alan,Arnold,aarnold6h@vk.com,Male,114.191.214.212
235,Justin,Wagner,jwagner6i@flavors.me,Male,58.14.2.82
236,Annie,Scott,ascott6j@earthlink.net,Female,73.143.19.195
237,Craig,Gutierrez,cgutierrez6k@domainmarket.com,Male,138.22.97.185
238,Victor,Flores,vflores6l@unc.edu,Male,38.45.17.36
239,Juan,Grant,jgrant6m@last.fm,Male,177.200.133.69
240,Evelyn,Garcia,egarcia6n@theguardian.com,Female,33.118.130.51
241,Sarah,Clark,sclark6o@paypal.com,Female,146.212.130.89
242,Joan,Mccoy,jmccoy6p@npr.org,Female,128.170.120.69
243,Bruce,Hansen,bhansen6q@amazon.co.jp,Male,36.72.149.61
244,Philip,Davis,pdavis6r@over-blog.com,Male,209.246.32.217
245,Mary,Thomas,mthomas6s@rakuten.co.jp,Female,254.94.209.21
246,Antonio,Reyes,areyes6t@census.gov,Male,86.78.154.19
247,Sean,Campbell,scampbell6u@g.co,Male,214.202.160.209
248,Todd,Mason,tmason6v@webeden.co.uk,Male,187.170.149.139
249,Dorothy,Lee,dlee6w@goodreads.com,Female,182.64.23.190
250,Patricia,Gray,pgray6x@phoca.cz,Female,123.29.191.145
251,Donna,Patterson,dpatterson6y@shareasale.com,Female,230.126.205.112
252,Ronald,Perkins,rperkins6z@typepad.com,Male,1.242.236.119
253,George,Nelson,gnelson70@xinhuanet.com,Male,67.107.179.111
254,Aaron,Andrews,aandrews71@slate.com,Male,9.57.237.223
255,Theresa,Chavez,tchavez72@so-net.ne.jp,Female,120.17.168.44
256,Jose,Johnson,jjohnson73@godaddy.com,Male,104.252.54.51
257,Joan,Walker,jwalker74@sitemeter.com,Female,249.64.193.175
258,Harry,Griffin,hgriffin75@jimdo.com,Male,5.183.138.10
259,Sarah,Rose,srose76@si.edu,Female,137.119.117.104
260,Kelly,Lynch,klynch77@chicagotribune.com,Female,241.234.5.136
261,Larry,Jordan,ljordan78@fastcompany.com,Male,164.168.191.109
262,Jessica,Gilbert,jgilbert79@umich.edu,Female,94.61.63.241
263,Jerry,Larson,jlarson7a@phoca.cz,Male,72.226.228.207
264,Benjamin,Mitchell,bmitchell7b@kickstarter.com,Male,191.33.238.45
265,Craig,Garcia,cgarcia7c@mozilla.com,Male,41.160.199.210
266,Barbara,Allen,ballen7d@umn.edu,Female,218.0.186.49
267,Sara,Harrison,sharrison7e@stanford.edu,Female,169.156.80.21
268,Sandra,Sims,ssims7f@google.pl,Female,248.122.93.84
269,Kimberly,Kelley,kkelley7g@merriam-webster.com,Female,179.4.146.104
270,Cheryl,Vasquez,cvasquez7h@boston.com,Female,22.81.34.180
271,Jason,Peters,jpeters7i@tiny.cc,Male,171.238.29.164
272,Roy,Williams,rwilliams7j@bluehost.com,Male,211.252.65.88
273,Harry,Andrews,handrews7k@latimes.com,Male,207.174.19.207
274,Tina,Lewis,tlewis7l@linkedin.com,Female,165.187.220.61
275,Gregory,Phillips,gphillips7m@china.com.cn,Male,224.109.87.157
276,Debra,Boyd,dboyd7n@g.co,Female,54.43.44.60
277,Patrick,Rose,prose7o@drupal.org,Male,119.5.46.189
278,Alan,Johnson,ajohnson7p@myspace.com,Male,142.111.166.212
279,Scott,Anderson,sanderson7q@shinystat.com,Male,81.203.121.70
280,Martin,Gilbert,mgilbert7r@fotki.com,Male,202.42.231.236
281,Rebecca,Hall,rhall7s@webs.com,Female,174.242.35.206
282,Martin,Oliver,moliver7t@ebay.co.uk,Male,87.237.237.210
283,Janet,Reid,jreid7u@answers.com,Female,52.185.110.159
284,Eugene,Welch,ewelch7v@arizona.edu,Male,32.30.195.8
285,Jeremy,Crawford,jcrawford7w@telegraph.co.uk,Male,169.248.200.89
286,Kathy,Bishop,kbishop7x@google.com.br,Female,253.97.107.73
287,Ann,Ramirez,aramirez7y@hubpages.com,Female,155.135.26.106
288,Anne,Warren,awarren7z@cdc.gov,Female,104.14.18.241
289,Anne,Nichols,anichols80@house.gov,Female,121.34.186.23
290,Norma,Bennett,nbennett81@foxnews.com,Female,24.138.43.133
291,Clarence,Peters,cpeters82@yahoo.co.jp,Male,40.177.34.47
292,Sandra,Garcia,sgarcia83@zimbio.com,Female,121.64.33.127
293,Albert,Henry,ahenry84@engadget.com,Male,180.86.211.190
294,Annie,Lee,alee85@thetimes.co.uk,Female,48.45.183.210
295,Brian,Perry,bperry86@de.vu,Male,242.197.207.67
296,Lillian,Parker,lparker87@cnn.com,Female,218.46.42.169
297,Bonnie,Welch,bwelch88@microsoft.com,Female,241.162.13.3
298,Kathy,Williams,kwilliams89@ca.gov,Female,173.66.133.44
299,Andrew,Campbell,acampbell8a@mit.edu,Male,103.58.47.51
300,Gary,Oliver,goliver8b@furl.net,Male,200.53.243.237
301,Christopher,Ferguson,cferguson8c@craigslist.org,Male,230.14.245.174
302,Elizabeth,Perry,eperry8d@imgur.com,Female,89.138.68.251
303,Alan,Roberts,aroberts8e@digg.com,Male,205.179.170.15
304,Jimmy,Riley,jriley8f@google.fr,Male,4.41.209.188
305,Richard,Anderson,randerson8g@umich.edu,Male,0.170.208.25
306,Kenneth,Nelson,knelson8h@newyorker.com,Male,40.36.135.129
307,Judith,Hunter,jhunter8i@people.com.cn,Female,180.114.141.130
308,Kelly,Sanders,ksanders8j@harvard.edu,Female,169.153.208.13
309,Benjamin,Little,blittle8k@loc.gov,Male,59.51.146.129
310,Louis,Cunningham,lcunningham8l@spiegel.de,Male,123.171.56.187
311,Julie,Rogers,jrogers8m@washington.edu,Female,38.65.131.223
312,Bobby,Russell,brussell8n@wordpress.com,Male,232.5.161.15
313,Jennifer,Mendoza,jmendoza8o@jugem.jp,Female,186.214.14.161
314,Angela,Hunter,ahunter8p@japanpost.jp,Female,34.19.114.103
315,Christine,Sims,csims8q@aol.com,Female,204.197.26.129
316,Eric,Fisher,efisher8r@wikispaces.com,Male,222.232.3.21
317,Jason,Peterson,jpeterson8s@delicious.com,Male,84.105.36.140
318,Jean,Walker,jwalker8t@csmonitor.com,Female,228.121.239.157
319,Roy,Johnston,rjohnston8u@time.com,Male,123.12.237.150
320,Sara,Taylor,staylor8v@ft.com,Female,110.78.240.205
321,Brian,Ortiz,bortiz8w@comsenz.com,Male,227.82.56.174
322,Terry,Edwards,tedwards8x@ow.ly,Male,106.203.220.170
323,Mary,James,mjames8y@adobe.com,Female,229.230.218.50
324,Philip,Cox,pcox8z@fastcompany.com,Male,103.99.1.25
325,Harry,Ross,hross90@hibu.com,Male,155.195.20.172
326,Karen,Martin,kmartin91@webnode.com,Female,43.128.168.197
327,Jeffrey,Wheeler,jwheeler92@skype.com,Male,179.6.241.222
328,Kathleen,Montgomery,kmontgomery93@npr.org,Female,182.38.249.115
329,Sean,Williams,swilliams94@mysql.com,Male,217.182.234.194
330,Brenda,Campbell,bcampbell95@tripadvisor.com,Female,77.42.60.112
331,Victor,Stevens,vstevens96@businesswire.com,Male,191.234.96.149
332,Robert,Jenkins,rjenkins97@netlog.com,Male,208.61.113.228
333,George,Simpson,gsimpson98@auda.org.au,Male,96.5.89.187
334,Sean,Hunter,shunter99@is.gd,Male,12.188.83.71
335,Aaron,Wheeler,awheeler9a@barnesandnoble.com,Male,18.170.37.204
336,Victor,Gardner,vgardner9b@miitbeian.gov.cn,Male,212.141.239.110
337,Tina,Butler,tbutler9c@paginegialle.it,Female,89.72.80.194
338,Deborah,Jordan,djordan9d@huffingtonpost.com,Female,152.179.212.121
339,Benjamin,Fields,bfields9e@g.co,Male,214.70.164.8
340,Roger,Berry,rberry9f@census.gov,Male,164.234.170.55
341,Joe,Simpson,jsimpson9g@cdc.gov,Male,32.119.249.200
342,Tina,Long,tlong9h@blogtalkradio.com,Female,201.40.45.9
343,Diane,Coleman,dcoleman9i@webs.com,Female,108.157.90.252
344,Brenda,Clark,bclark9j@wp.com,Female,209.224.45.187
345,Timothy,Lewis,tlewis9k@wordpress.org,Male,159.193.148.63
346,Lillian,Dean,ldean9l@npr.org,Female,218.43.124.38
347,Kathy,Coleman,kcoleman9m@google.com.au,Female,92.127.53.172
348,Johnny,Meyer,jmeyer9n@unesco.org,Male,229.64.194.104
349,Kathryn,Carr,kcarr9o@thetimes.co.uk,Female,195.13.18.40
350,Louis,Oliver,loliver9p@businessweek.com,Male,61.136.124.206
351,Robin,Harris,rharris9q@weebly.com,Female,61.159.5.111
352,Maria,Kelley,mkelley9r@theguardian.com,Female,193.26.66.160
353,Carolyn,Murphy,cmurphy9s@jugem.jp,Female,82.45.246.210
354,Phyllis,Hernandez,phernandez9t@cisco.com,Female,103.68.45.4
355,Angela,Gardner,agardner9u@wikipedia.org,Female,93.150.83.182
356,Catherine,Hughes,chughes9v@gizmodo.com,Female,6.138.76.86
357,Teresa,Collins,tcollins9w@odnoklassniki.ru,Female,216.39.179.80
358,Robert,Henderson,rhenderson9x@ameblo.jp,Male,95.104.182.70
359,Kelly,Williamson,kwilliamson9y@senate.gov,Female,65.171.182.166
360,Mary,Bell,mbell9z@goo.ne.jp,Female,185.63.64.7
361,Donald,Hawkins,dhawkinsa0@jalbum.net,Male,6.115.134.174
362,Steve,Ford,sforda1@elpais.com,Male,86.77.131.102
363,Jacqueline,Evans,jevansa2@census.gov,Female,183.69.142.25
364,Tina,Gray,tgraya3@jiathis.com,Female,159.209.242.189
365,Adam,Carr,acarra4@nasa.gov,Male,125.250.174.69
366,Raymond,Reid,rreida5@wisc.edu,Male,159.191.188.74
367,Diane,Scott,dscotta6@weather.com,Female,219.172.249.239
368,Susan,Miller,smillera7@marriott.com,Female,92.224.86.202
369,Howard,Reid,hreida8@pbs.org,Male,250.127.94.229
370,Andrew,Brooks,abrooksa9@businessweek.com,Male,73.87.182.167
371,Joshua,Fuller,jfulleraa@ed.gov,Male,195.54.50.39
372,Joyce,Robinson,jrobinsonab@vinaora.com,Female,128.151.241.174
373,Russell,Mendoza,rmendozaac@bluehost.com,Male,212.150.9.206
374,Ruth,Ramirez,rramirezad@nymag.com,Female,218.227.231.233
375,Ryan,Richards,rrichardsae@smh.com.au,Male,206.61.159.93
376,Gloria,Hernandez,ghernandezaf@domainmarket.com,Female,52.148.157.162
377,Timothy,Henderson,thendersonag@aboutads.info,Male,169.44.131.122
378,Roy,Carr,rcarrah@infoseek.co.jp,Male,76.232.189.221
379,Raymond,Young,ryoungai@china.com.cn,Male,190.112.229.228
380,Michelle,Garcia,mgarciaaj@cisco.com,Female,250.59.104.128
381,Donna,Holmes,dholmesak@indiegogo.com,Female,11.220.13.38
382,Amanda,Jordan,ajordanal@cnbc.com,Female,15.200.200.145
383,Roy,Peters,rpetersam@jugem.jp,Male,100.199.130.92
384,Linda,Crawford,lcrawfordan@imageshack.us,Female,32.29.206.176
385,Justin,Lawrence,jlawrenceao@ow.ly,Male,80.164.51.81
386,Frances,Schmidt,fschmidtap@paypal.com,Female,214.130.246.38
387,Russell,Gutierrez,rgutierrezaq@illinois.edu,Male,245.149.18.167
388,Albert,Fernandez,afernandezar@va.gov,Male,224.133.96.32
389,Scott,Graham,sgrahamas@artisteer.com,Male,199.151.120.83
390,Nancy,Diaz,ndiazat@ehow.com,Female,181.246.204.231
391,Howard,Rose,hroseau@independent.co.uk,Male,99.213.6.99
392,Janet,Lawrence,jlawrenceav@g.co,Female,124.134.211.42
393,Nicholas,Gordon,ngordonaw@purevolume.com,Male,39.131.15.229
394,Wanda,Hill,whillax@nasa.gov,Female,56.184.125.151
395,Kenneth,White,kwhiteay@patch.com,Male,130.88.214.226
396,Bruce,Griffin,bgriffinaz@cdbaby.com,Male,82.20.135.179
397,Nancy,Gardner,ngardnerb0@nytimes.com,Female,106.19.91.238
398,Terry,Johnston,tjohnstonb1@drupal.org,Male,131.224.60.214
399,Todd,Perkins,tperkinsb2@tripadvisor.com,Male,29.201.89.164
400,Jane,Alexander,jalexanderb3@un.org,Female,64.113.123.253
401,Kelly,Fuller,kfullerb4@gizmodo.com,Female,69.207.89.8
402,Peter,Robinson,probinsonb5@hhs.gov,Male,204.142.194.99
403,Craig,Kelly,ckellyb6@g.co,Male,177.254.78.145
404,Shawn,Mitchell,smitchellb7@yellowbook.com,Male,233.20.73.195
405,Carlos,Richards,crichardsb8@google.com.au,Male,144.252.232.114
406,Roy,Gray,rgrayb9@noaa.gov,Male,60.8.63.69
407,Samuel,Hudson,shudsonba@amazon.com,Male,17.93.135.80
408,Lawrence,Simmons,lsimmonsbb@independent.co.uk,Male,188.5.17.160
409,Virginia,Bradley,vbradleybc@cbslocal.com,Female,52.248.244.50
410,Donna,Reynolds,dreynoldsbd@phpbb.com,Female,222.86.18.38
411,Robin,Hunt,rhuntbe@homestead.com,Female,159.71.75.186
412,Brandon,George,bgeorgebf@marketwatch.com,Male,4.183.158.252
413,Angela,Mccoy,amccoybg@hp.com,Female,197.80.61.60
414,Patricia,Powell,ppowellbh@com.com,Female,89.255.216.245
415,Thomas,Gray,tgraybi@quantcast.com,Male,88.73.198.152
416,Robin,Ryan,rryanbj@kickstarter.com,Female,216.224.245.90
417,Joyce,Shaw,jshawbk@plala.or.jp,Female,193.72.218.206
418,Louise,Stanley,lstanleybl@cpanel.net,Female,55.252.144.17
419,Christina,Martinez,cmartinezbm@issuu.com,Female,2.85.132.168
420,Mark,Hart,mhartbn@vinaora.com,Male,88.158.33.241
421,Melissa,Burns,mburnsbo@nymag.com,Female,177.213.91.188
422,Annie,Sanchez,asanchezbp@admin.ch,Female,198.250.48.166
423,Heather,Reynolds,hreynoldsbq@loc.gov,Female,235.70.117.107
424,Carol,Simpson,csimpsonbr@wikispaces.com,Female,50.3.12.44
425,Gregory,Mcdonald,gmcdonaldbs@cornell.edu,Male,93.214.199.161
426,Catherine,Day,cdaybt@pagesperso-orange.fr,Female,11.156.40.52
427,Rose,Kelley,rkelleybu@accuweather.com,Female,168.21.161.129
428,Eric,Campbell,ecampbellbv@unc.edu,Male,212.219.206.41
429,Henry,Harrison,hharrisonbw@arizona.edu,Male,156.203.80.135
430,Earl,Gray,egraybx@purevolume.com,Male,215.236.72.166
431,Diane,Morris,dmorrisby@de.vu,Female,105.97.248.109
432,Henry,Matthews,hmatthewsbz@utexas.edu,Male,70.75.201.224
433,Fred,Garcia,fgarciac0@whitehouse.gov,Male,0.165.118.36
434,Matthew,Kim,mkimc1@studiopress.com,Male,140.183.158.192
435,Thomas,Burton,tburtonc2@altervista.org,Male,191.23.175.35
436,Ruth,Torres,rtorresc3@netvibes.com,Female,164.252.23.170
437,Bonnie,Robinson,brobinsonc4@yale.edu,Female,39.84.223.167
438,Bobby,Berry,bberryc5@ning.com,Male,104.216.201.101
439,Bonnie,Gonzalez,bgonzalezc6@bizjournals.com,Female,32.2.53.183
440,Jack,King,jkingc7@paginegialle.it,Male,66.184.230.54
441,George,Bradley,gbradleyc8@va.gov,Male,204.78.46.169
442,Martha,Simmons,msimmonsc9@altervista.org,Female,166.56.138.188
443,Samuel,Hart,shartca@sina.com.cn,Male,212.17.94.38
444,Fred,Banks,fbankscb@howstuffworks.com,Male,103.8.223.241
445,Joe,Nichols,jnicholscc@fc2.com,Male,66.116.249.36
446,Stephen,Holmes,sholmescd@meetup.com,Male,218.199.57.200
447,Sarah,Gordon,sgordonce@miitbeian.gov.cn,Female,36.230.122.61
448,Gary,Gutierrez,ggutierrezcf@google.co.uk,Male,14.170.82.126
449,Joan,Robinson,jrobinsoncg@deliciousdays.com,Female,224.127.160.241
450,Clarence,Jones,cjonesch@cornell.edu,Male,0.245.141.231
451,Phillip,Snyder,psnyderci@bloomberg.com,Male,249.25.200.186
452,Sandra,Stevens,sstevenscj@ebay.com,Female,27.155.54.16
453,Kathryn,Perry,kperryck@ucoz.ru,Female,109.238.115.248
454,Annie,Thomas,athomascl@princeton.edu,Female,78.112.57.100
455,Clarence,Stone,cstonecm@wikia.com,Male,238.234.1.168
456,Juan,Knight,jknightcn@soup.io,Male,20.105.36.244
457,Jeffrey,Patterson,jpattersonco@scientificamerican.com,Male,233.120.218.18
458,Aaron,Webb,awebbcp@guardian.co.uk,Male,32.198.145.111
459,Nicholas,Barnes,nbarnescq@state.tx.us,Male,123.42.69.76
460,Amanda,Hall,ahallcr@hp.com,Female,10.66.255.162
461,Donna,Parker,dparkercs@bigcartel.com,Female,55.223.127.222
462,Gerald,Wilson,gwilsonct@ed.gov,Male,207.99.92.177
463,Bruce,Stewart,bstewartcu@dailymail.co.uk,Male,68.223.166.224
464,Shirley,James,sjamescv@craigslist.org,Female,202.2.30.131
465,Patrick,Miller,pmillercw@symantec.com,Male,42.189.151.127
466,Ryan,Bowman,rbowmancx@engadget.com,Male,172.202.208.233
467,Kathleen,Dixon,kdixoncy@cnet.com,Female,67.109.85.66
468,Ryan,Bradley,rbradleycz@reverbnation.com,Male,97.132.165.21
469,Elizabeth,Young,eyoungd0@bbc.co.uk,Female,252.77.127.50
470,Julie,King,jkingd1@cnn.com,Female,138.241.67.234
471,Howard,George,hgeorged2@earthlink.net,Male,240.173.83.127
472,Mary,Black,mblackd3@abc.net.au,Female,118.142.60.103
473,Maria,Banks,mbanksd4@cnn.com,Female,38.125.97.151
474,Joyce,Reynolds,jreynoldsd5@seesaa.net,Female,138.220.171.155
475,Ernest,Gordon,egordond6@psu.edu,Male,194.61.231.64
476,Doris,Jacobs,djacobsd7@ucsd.edu,Female,241.36.6.213
477,Kevin,Lewis,klewisd8@meetup.com,Male,208.65.66.211
478,Gloria,Mason,gmasond9@nymag.com,Female,161.57.227.11
479,Thomas,Willis,twillisda@redcross.org,Male,197.148.10.150
480,Gloria,Holmes,gholmesdb@tamu.edu,Female,71.5.215.137
481,James,Johnson,jjohnsondc@yellowpages.com,Male,191.60.23.131
482,Louis,Clark,lclarkdd@noaa.gov,Male,196.40.56.29
483,Russell,Murray,rmurrayde@mapquest.com,Male,155.144.223.245
484,Scott,Shaw,sshawdf@instagram.com,Male,239.133.52.239
485,Lisa,Brown,lbrowndg@businessinsider.com,Female,57.173.249.177
486,Ashley,Snyder,asnyderdh@oracle.com,Female,84.33.81.156
487,Jessica,Jacobs,jjacobsdi@google.ru,Female,30.125.7.203
488,Roger,Long,rlongdj@ocn.ne.jp,Male,232.215.109.162
489,Judy,Brooks,jbrooksdk@shutterfly.com,Female,212.129.131.182
490,Phillip,Wood,pwooddl@weebly.com,Male,39.224.51.211
491,Eugene,Moore,emooredm@shareasale.com,Male,92.118.71.177
492,Jacqueline,Ford,jforddn@etsy.com,Female,81.32.91.130
493,Nicole,Torres,ntorresdo@craigslist.org,Female,212.210.239.12
494,Patrick,Brooks,pbrooksdp@wikimedia.org,Male,21.46.84.74
495,Tammy,Ramos,tramosdq@tiny.cc,Female,206.122.216.230
496,Doris,Green,dgreendr@taobao.com,Female,74.107.90.12
497,Kelly,Nguyen,knguyends@biglobe.ne.jp,Female,201.180.235.222
498,Frank,White,fwhitedt@kickstarter.com,Male,109.11.174.4
499,Douglas,Mccoy,dmccoydu@dot.gov,Male,224.196.203.106
500,Wanda,Jones,wjonesdv@cdbaby.com,Female,184.1.198.243
501,Willie,Elliott,welliottdw@ibm.com,Male,225.43.202.232
502,John,Hernandez,jhernandezdx@freewebs.com,Male,195.162.17.95
503,Ryan,Kim,rkimdy@ocn.ne.jp,Male,49.170.203.246
504,Willie,Peterson,wpetersondz@independent.co.uk,Male,178.144.51.72
505,Marilyn,Barnes,mbarnese0@freewebs.com,Female,184.168.186.141
506,Judy,Parker,jparkere1@meetup.com,Female,116.103.233.234
507,Beverly,Thompson,bthompsone2@goo.ne.jp,Female,218.252.177.146
508,Nicole,Castillo,ncastilloe3@si.edu,Female,66.67.165.104
509,Lillian,Henderson,lhendersone4@geocities.com,Female,241.0.111.17
510,Ruth,Franklin,rfrankline5@privacy.gov.au,Female,99.143.218.168
511,Deborah,Sanders,dsanderse6@apple.com,Female,43.203.134.87
512,Harry,Elliott,helliotte7@uiuc.edu,Male,217.0.250.135
513,Rose,Adams,radamse8@devhub.com,Female,4.128.148.213
514,Elizabeth,Owens,eowense9@hc360.com,Female,22.171.83.112
515,Gerald,Nelson,gnelsonea@hc360.com,Male,50.165.46.73
516,Larry,Vasquez,lvasquezeb@google.com.au,Male,150.94.46.163
517,Brian,Matthews,bmatthewsec@imdb.com,Male,113.196.49.193
518,Shirley,Patterson,spattersoned@cocolog-nifty.com,Female,204.232.216.171
519,Ruth,Carter,rcarteree@istockphoto.com,Female,230.174.176.202
520,Debra,Palmer,dpalmeref@list-manage.com,Female,198.6.70.191
521,Peter,Murphy,pmurphyeg@umn.edu,Male,110.13.145.111
522,Brandon,Stewart,bstewarteh@gmpg.org,Male,217.102.163.113
523,Julia,Reynolds,jreynoldsei@addtoany.com,Female,245.73.115.174
524,Larry,Torres,ltorresej@wikipedia.org,Male,230.43.2.228
525,Donald,Holmes,dholmesek@istockphoto.com,Male,94.38.62.145
526,Michael,Ross,mrossel@facebook.com,Male,248.127.39.131
527,Matthew,Reid,mreidem@nih.gov,Male,248.133.48.86
528,Bruce,Reynolds,breynoldsen@google.fr,Male,88.182.195.254
529,Robert,Cox,rcoxeo@360.cn,Male,3.98.56.31
530,Russell,Allen,rallenep@free.fr,Male,183.71.221.133
531,Phyllis,Fernandez,pfernandezeq@buzzfeed.com,Female,195.167.101.76
532,Brenda,Perry,bperryer@hc360.com,Female,11.174.196.134
533,Shirley,Fields,sfieldses@xing.com,Female,227.227.74.22
534,Brandon,Fowler,bfowleret@hao123.com,Male,12.255.93.160
535,Ronald,Hart,rharteu@linkedin.com,Male,214.90.49.243
536,Tammy,Nichols,tnicholsev@goo.gl,Female,203.52.176.116
537,Willie,Nguyen,wnguyenew@gizmodo.com,Male,95.105.179.58
538,Jonathan,Lawson,jlawsonex@netscape.com,Male,239.95.107.141
539,Gregory,Bryant,gbryantey@mysql.com,Male,94.46.97.240
540,Eugene,Carroll,ecarrollez@cbslocal.com,Male,37.218.65.0
541,Justin,Stephens,jstephensf0@biglobe.ne.jp,Male,102.234.230.48
542,Dorothy,Boyd,dboydf1@hugedomains.com,Female,238.253.225.178
543,Gloria,Bowman,gbowmanf2@prlog.org,Female,55.168.175.51
544,Martha,Murray,mmurrayf3@miibeian.gov.cn,Female,68.34.189.152
545,Christina,Romero,cromerof4@mlb.com,Female,234.136.122.212
546,Marilyn,Lopez,mlopezf5@dot.gov,Female,136.239.168.166
547,Anthony,Fisher,afisherf6@bigcartel.com,Male,227.68.184.239
548,Rachel,Wilson,rwilsonf7@seattletimes.com,Female,17.90.157.250
549,Willie,Williams,wwilliamsf8@hubpages.com,Male,21.193.129.19
550,Melissa,Montgomery,mmontgomeryf9@house.gov,Female,240.39.75.157
551,Jerry,Flores,jfloresfa@wisc.edu,Male,219.180.40.144
552,Ronald,Robinson,rrobinsonfb@tripadvisor.com,Male,153.196.134.81
553,Harold,Harper,hharperfc@mtv.com,Male,127.3.101.141
554,Cheryl,Anderson,candersonfd@prnewswire.com,Female,100.163.249.140
555,Gregory,Cole,gcolefe@wikipedia.org,Male,67.122.88.29
556,Susan,Stone,sstoneff@dedecms.com,Female,189.205.166.10
557,Philip,Bryant,pbryantfg@wunderground.com,Male,233.204.128.223
558,Donna,Walker,dwalkerfh@ucsd.edu,Female,6.228.8.76
559,Doris,Russell,drussellfi@altervista.org,Female,50.76.72.222
560,Debra,Welch,dwelchfj@businessweek.com,Female,243.88.116.151
561,Nicole,Bryant,nbryantfk@myspace.com,Female,15.155.105.242
562,Chris,Powell,cpowellfl@irs.gov,Male,3.47.235.209
563,Jeremy,Chavez,jchavezfm@facebook.com,Male,127.248.73.3
564,Paula,Stephens,pstephensfn@altervista.org,Female,164.101.100.212
565,Willie,Cunningham,wcunninghamfo@bluehost.com,Male,138.1.63.11
566,Ashley,Wilson,awilsonfp@globo.com,Female,116.50.115.78
567,Philip,Walker,pwalkerfq@prnewswire.com,Male,179.144.112.174
568,Shawn,Cox,scoxfr@theguardian.com,Male,92.89.90.54
569,Fred,Richards,frichardsfs@quantcast.com,Male,212.107.86.129
570,John,Murphy,jmurphyft@g.co,Male,171.54.143.240
571,Charles,Gomez,cgomezfu@kickstarter.com,Male,132.178.172.255
572,Billy,Harvey,bharveyfv@naver.com,Male,206.176.84.8
573,Billy,Reyes,breyesfw@mac.com,Male,75.34.77.25
574,Sean,Wright,swrightfx@europa.eu,Male,34.36.10.51
575,Sara,Cooper,scooperfy@tamu.edu,Female,1.99.233.73
576,Russell,Bowman,rbowmanfz@csmonitor.com,Male,164.92.58.57
577,Walter,West,wwestg0@wikia.com,Male,114.227.132.78
578,Bobby,Murphy,bmurphyg1@nih.gov,Male,83.53.135.64
579,Jack,Ryan,jryang2@prnewswire.com,Male,158.83.52.121
580,Mildred,Harvey,mharveyg3@cnbc.com,Female,193.131.204.154
581,Jimmy,Marshall,jmarshallg4@icq.com,Male,209.68.128.248
582,Katherine,Hanson,khansong5@webnode.com,Female,148.160.122.179
583,Jesse,Turner,jturnerg6@edublogs.org,Male,235.138.232.98
584,Betty,Nguyen,bnguyeng7@macromedia.com,Female,107.236.182.43
585,Johnny,Burns,jburnsg8@google.pl,Male,4.180.145.223
586,Lori,Edwards,ledwardsg9@e-recht24.de,Female,131.111.206.111
587,Phyllis,Kelly,pkellyga@icq.com,Female,167.88.122.162
588,John,Gordon,jgordongb@cdc.gov,Male,185.146.251.70
589,Lois,Garcia,lgarciagc@auda.org.au,Female,175.28.44.0
590,Laura,Russell,lrussellgd@columbia.edu,Female,74.239.80.10
591,Judy,Olson,jolsonge@abc.net.au,Female,96.113.48.186
592,Jean,Dixon,jdixongf@ebay.com,Female,205.83.149.212
593,Judy,Holmes,jholmesgg@china.com.cn,Female,101.26.197.41
594,Pamela,Berry,pberrygh@toplist.cz,Female,18.108.100.159
595,Justin,Morgan,jmorgangi@cbc.ca,Male,123.244.175.39
596,Lisa,Richardson,lrichardsongj@prnewswire.com,Female,83.108.169.2
597,James,Mills,jmillsgk@goo.ne.jp,Male,64.154.98.209
598,Steve,Berry,sberrygl@rediff.com,Male,122.93.211.191
599,Cheryl,Fuller,cfullergm@google.ru,Female,131.112.149.22
600,Eugene,Davis,edavisgn@stumbleupon.com,Male,250.27.18.137
601,Matthew,James,mjamesgo@eepurl.com,Male,145.25.51.165
602,Sandra,Weaver,sweavergp@china.com.cn,Female,243.17.84.33
603,Diane,Daniels,ddanielsgq@bluehost.com,Female,213.243.99.126
604,Andrea,Ross,arossgr@networkadvertising.org,Female,115.12.125.68
605,Brandon,Lewis,blewisgs@washingtonpost.com,Male,192.96.89.148
606,Victor,Chapman,vchapmangt@chronoengine.com,Male,88.56.75.126
607,Phillip,Ward,pwardgu@meetup.com,Male,217.128.210.202
608,Elizabeth,Armstrong,earmstronggv@zdnet.com,Female,254.95.20.107
609,Emily,Frazier,efraziergw@goo.gl,Female,164.16.130.171
610,Paula,Lawrence,plawrencegx@unesco.org,Female,61.55.116.21
611,Deborah,Fowler,dfowlergy@scribd.com,Female,111.224.43.226
612,Ryan,Howard,rhowardgz@twitpic.com,Male,50.78.160.73
613,Martin,Price,mpriceh0@altervista.org,Male,8.42.142.225
614,John,Garza,jgarzah1@com.com,Male,111.172.40.138
615,Mary,Berry,mberryh2@oaic.gov.au,Female,36.5.221.223
616,Sarah,Gilbert,sgilberth3@cnbc.com,Female,145.177.75.185
617,Angela,Stone,astoneh4@mail.ru,Female,196.65.192.112
618,Kelly,Robertson,krobertsonh5@latimes.com,Female,70.219.111.63
619,Gloria,Allen,gallenh6@goodreads.com,Female,14.93.119.93
620,Melissa,Smith,msmithh7@ocn.ne.jp,Female,223.204.228.56
621,Nicholas,Mendoza,nmendozah8@acquirethisname.com,Male,152.30.17.190
622,Doris,Campbell,dcampbellh9@ifeng.com,Female,34.16.26.125
623,Debra,White,dwhiteha@ifeng.com,Female,193.186.23.162
624,Helen,Rose,hrosehb@wikispaces.com,Female,220.112.189.180
625,Dennis,Murphy,dmurphyhc@1und1.de,Male,172.136.53.28
626,Kenneth,Evans,kevanshd@washington.edu,Male,122.101.126.135
627,Dennis,Sanchez,dsanchezhe@sbwire.com,Male,182.79.87.127
628,Gloria,Harris,gharrishf@illinois.edu,Female,253.111.156.179
629,Shawn,King,skinghg@google.com.br,Male,82.160.51.199
630,Louis,Perez,lperezhh@weebly.com,Male,111.129.81.142
631,Thomas,Gray,tgrayhi@histats.com,Male,211.73.204.222
632,Sarah,Howard,showardhj@arstechnica.com,Female,225.58.191.250
633,Deborah,Stone,dstonehk@wix.com,Female,242.40.101.197
634,Norma,Howard,nhowardhl@topsy.com,Female,222.125.145.1
635,Katherine,Gutierrez,kgutierrezhm@gizmodo.com,Female,204.223.195.238
636,Billy,Woods,bwoodshn@scribd.com,Male,213.145.250.153
637,Martin,Alvarez,malvarezho@smugmug.com,Male,208.185.129.127
638,Ryan,Rice,rricehp@whitehouse.gov,Male,184.144.33.9
639,Larry,Mcdonald,lmcdonaldhq@pcworld.com,Male,193.242.82.84
640,Earl,Ford,efordhr@squarespace.com,Male,215.71.181.100
641,Arthur,Hayes,ahayeshs@japanpost.jp,Male,68.90.219.219
642,Justin,Henry,jhenryht@reuters.com,Male,29.30.216.120
643,Jean,Willis,jwillishu@jimdo.com,Female,158.37.190.91
644,Patricia,Wilson,pwilsonhv@mlb.com,Female,190.104.2.225
645,Jerry,Clark,jclarkhw@flavors.me,Male,205.224.138.57
646,David,Brooks,dbrookshx@apache.org,Male,69.11.111.89
647,Nicole,Baker,nbakerhy@tumblr.com,Female,182.226.220.252
648,Sharon,Mcdonald,smcdonaldhz@google.ca,Female,159.146.29.158
649,Elizabeth,Cox,ecoxi0@netlog.com,Female,216.129.240.54
650,Roy,Willis,rwillisi1@marriott.com,Male,140.201.4.108
651,Jacqueline,Stevens,jstevensi2@dedecms.com,Female,174.84.59.83
652,James,Peterson,jpetersoni3@techcrunch.com,Male,66.108.201.84
653,Diane,Larson,dlarsoni4@imageshack.us,Female,249.47.119.210
654,Jennifer,Barnes,jbarnesi5@pagesperso-orange.fr,Female,138.8.85.240
655,Sharon,Romero,sromeroi6@dedecms.com,Female,62.186.200.86
656,Norma,Mason,nmasoni7@narod.ru,Female,82.230.156.110
657,Kathryn,Elliott,kelliotti8@wordpress.com,Female,53.238.25.90
658,Deborah,Turner,dturneri9@feedburner.com,Female,29.228.254.219
659,Jimmy,Howard,jhowardia@exblog.jp,Male,41.19.164.184
660,Alan,Sims,asimsib@hexun.com,Male,80.77.254.62
661,Maria,Banks,mbanksic@edublogs.org,Female,72.46.171.235
662,James,Bowman,jbowmanid@istockphoto.com,Male,20.197.131.88
663,Harold,Mills,hmillsie@nifty.com,Male,146.221.135.233
664,Joseph,Berry,jberryif@forbes.com,Male,81.143.115.94
665,Marie,Fisher,mfisherig@yellowpages.com,Female,123.145.85.250
666,Randy,Williams,rwilliamsih@ifeng.com,Male,159.100.207.52
667,Eric,Frazier,efrazierii@com.com,Male,255.29.176.131
668,Elizabeth,Welch,ewelchij@amazon.co.jp,Female,239.190.100.92
669,Samuel,Hamilton,shamiltonik@godaddy.com,Male,203.209.173.111
670,Robert,Evans,revansil@live.com,Male,121.63.108.204
671,Earl,Ross,erossim@samsung.com,Male,142.51.220.234
672,Cynthia,Cruz,ccruzin@elpais.com,Female,221.1.84.113
673,Jason,Ruiz,jruizio@histats.com,Male,16.96.186.20
674,Sharon,Morgan,smorganip@webmd.com,Female,88.172.90.220
675,Dorothy,Kelley,dkelleyiq@e-recht24.de,Female,55.24.68.162
676,Edward,Bishop,ebishopir@myspace.com,Male,77.112.159.28
677,Louis,Baker,lbakeris@angelfire.com,Male,126.51.74.235
678,Heather,Watkins,hwatkinsit@ucoz.ru,Female,24.135.11.17
679,Shirley,Long,slongiu@hubpages.com,Female,162.179.143.52
680,Jose,Roberts,jrobertsiv@cbslocal.com,Male,178.177.51.20
681,Carolyn,Webb,cwebbiw@opensource.org,Female,193.64.87.230
682,Lori,Duncan,lduncanix@skype.com,Female,104.40.181.231
683,Ashley,Andrews,aandrewsiy@dagondesign.com,Female,217.55.3.31
684,Alice,Kim,akimiz@patch.com,Female,48.252.172.174
685,Diana,Nelson,dnelsonj0@elegantthemes.com,Female,130.132.172.22
686,Jason,Olson,jolsonj1@ft.com,Male,31.179.183.94
687,Eugene,Rice,ericej2@samsung.com,Male,180.215.10.55
688,Earl,Spencer,espencerj3@salon.com,Male,234.148.83.252
689,Angela,Reyes,areyesj4@google.com.au,Female,31.161.199.99
690,Andrea,Knight,aknightj5@msn.com,Female,10.244.30.113
691,James,Fields,jfieldsj6@booking.com,Male,149.254.158.51
692,Rose,Bell,rbellj7@deliciousdays.com,Female,70.184.48.173
693,Walter,Cox,wcoxj8@ed.gov,Male,144.70.181.182
694,Jennifer,Olson,jolsonj9@qq.com,Female,75.192.170.218
695,Anthony,Carr,acarrja@berkeley.edu,Male,216.0.84.149
696,Sandra,Reynolds,sreynoldsjb@infoseek.co.jp,Female,100.118.84.207
697,Roy,Lawson,rlawsonjc@bizjournals.com,Male,188.105.226.166
698,Christina,Reyes,creyesjd@sbwire.com,Female,136.29.238.126
699,Elizabeth,Mccoy,emccoyje@bloglines.com,Female,193.79.61.77
700,Irene,Frazier,ifrazierjf@admin.ch,Female,58.89.81.7
701,Alan,Freeman,afreemanjg@flavors.me,Male,140.173.236.10
702,Cynthia,Jenkins,cjenkinsjh@de.vu,Female,29.146.112.44
703,Ashley,Foster,afosterji@mtv.com,Female,113.251.42.33
704,Carol,Young,cyoungjj@1und1.de,Female,241.96.174.155
705,Emily,Alexander,ealexanderjk@amazon.com,Female,74.183.247.130
706,Roy,Scott,rscottjl@diigo.com,Male,185.104.27.68
707,Joe,Washington,jwashingtonjm@altervista.org,Male,243.205.15.188
708,Harry,Cruz,hcruzjn@vkontakte.ru,Male,218.184.182.217
709,John,Mills,jmillsjo@paginegialle.it,Male,209.44.72.79
710,Betty,Adams,badamsjp@vkontakte.ru,Female,21.22.92.116
711,Jacqueline,Ryan,jryanjq@uiuc.edu,Female,16.109.157.138
712,Frank,Rice,fricejr@mysql.com,Male,139.97.45.5
713,Lois,Miller,lmillerjs@nytimes.com,Female,148.162.17.90
714,Stephen,Griffin,sgriffinjt@phpbb.com,Male,96.242.56.241
715,Evelyn,Wright,ewrightju@constantcontact.com,Female,180.63.243.197
716,Susan,Peterson,spetersonjv@soup.io,Female,148.176.63.243
717,Stephanie,Boyd,sboydjw@npr.org,Female,173.222.188.17
718,Rose,Edwards,redwardsjx@studiopress.com,Female,166.78.223.43
719,Jose,Harris,jharrisjy@hibu.com,Male,80.112.237.252
720,Wanda,Lane,wlanejz@usda.gov,Female,150.23.136.243
721,Billy,Chapman,bchapmank0@canalblog.com,Male,59.195.26.102
722,Rose,Carroll,rcarrollk1@cdc.gov,Female,120.25.90.201
723,Christina,Rose,crosek2@sourceforge.net,Female,210.125.227.228
724,Mildred,Carter,mcarterk3@latimes.com,Female,34.29.190.15
725,Amanda,Berry,aberryk4@google.co.jp,Female,246.65.55.86
726,Raymond,Welch,rwelchk5@bravesites.com,Male,8.37.56.207
727,Beverly,Turner,bturnerk6@prweb.com,Female,93.126.70.165
728,Andrea,Mccoy,amccoyk7@illinois.edu,Female,174.107.101.35
729,Kathleen,Green,kgreenk8@xrea.com,Female,75.64.28.135
730,Donald,Harvey,dharveyk9@house.gov,Male,190.141.249.18
731,Juan,Carter,jcarterka@mysql.com,Male,64.178.221.8
732,Patricia,Gonzales,pgonzaleskb@linkedin.com,Female,0.78.133.177
733,Gerald,Martinez,gmartinezkc@sohu.com,Male,221.131.134.223
734,Mildred,Wallace,mwallacekd@google.de,Female,125.21.166.165
735,Bobby,George,bgeorgeke@uiuc.edu,Male,0.140.16.204
736,Susan,Carpenter,scarpenterkf@ftc.gov,Female,184.240.12.152
737,Eric,West,ewestkg@mac.com,Male,162.241.46.232
738,Willie,Rose,wrosekh@cpanel.net,Male,28.64.242.217
739,Sarah,Stevens,sstevenski@nba.com,Female,220.55.46.112
740,Clarence,Alexander,calexanderkj@wikia.com,Male,41.188.26.90
741,Bonnie,Andrews,bandrewskk@linkedin.com,Female,159.98.202.247
742,Joshua,Smith,jsmithkl@shutterfly.com,Male,175.226.123.49
743,Lawrence,Diaz,ldiazkm@microsoft.com,Male,103.210.238.96
744,Carlos,Perkins,cperkinskn@weibo.com,Male,216.56.157.159
745,Jack,Mason,jmasonko@spiegel.de,Male,251.161.141.38
746,Gerald,Smith,gsmithkp@bigcartel.com,Male,138.154.78.159
747,Justin,Burns,jburnskq@vimeo.com,Male,45.184.20.197
748,Steve,Montgomery,smontgomerykr@elegantthemes.com,Male,169.97.116.200
749,Mildred,Armstrong,marmstrongks@google.it,Female,12.211.137.127
750,Bonnie,Mccoy,bmccoykt@discuz.net,Female,62.248.194.174
751,Virginia,King,vkingku@techcrunch.com,Female,44.133.7.108
752,Janice,Watkins,jwatkinskv@ovh.net,Female,155.0.97.14
753,Marilyn,Scott,mscottkw@si.edu,Female,224.215.77.52
754,Anna,Berry,aberrykx@youtu.be,Female,44.139.112.1
755,Denise,Ryan,dryanky@51.la,Female,98.181.179.204
756,Albert,Rodriguez,arodriguezkz@ucla.edu,Male,233.176.231.197
757,Paul,Garcia,pgarcial0@yale.edu,Male,147.128.167.18
758,Paul,Edwards,pedwardsl1@elpais.com,Male,134.209.214.251
759,Mary,Phillips,mphillipsl2@quantcast.com,Female,84.124.65.80
760,Victor,Rose,vrosel3@dailymotion.com,Male,81.16.163.205
761,Mark,Perry,mperryl4@bandcamp.com,Male,147.151.114.25
762,Paula,Simpson,psimpsonl5@sina.com.cn,Female,234.221.217.7
763,Karen,Schmidt,kschmidtl6@comcast.net,Female,18.114.104.204
764,Melissa,Thomas,mthomasl7@slideshare.net,Female,225.164.77.254
765,Lillian,Payne,lpaynel8@yale.edu,Female,248.179.165.213
766,Dorothy,Murphy,dmurphyl9@360.cn,Female,163.111.27.106
767,Karen,Castillo,kcastillola@mashable.com,Female,22.42.167.255
768,Christina,Reynolds,creynoldslb@twitpic.com,Female,187.118.75.38
769,Wanda,Hall,whalllc@qq.com,Female,215.87.27.111
770,Wanda,Hart,whartld@flavors.me,Female,164.49.5.0
771,Kathryn,Gonzalez,kgonzalezle@wikimedia.org,Female,123.198.173.32
772,Martin,Bailey,mbaileylf@state.tx.us,Male,149.134.151.140
773,Daniel,Ellis,dellislg@unicef.org,Male,203.36.131.105
774,Margaret,White,mwhitelh@symantec.com,Female,50.14.216.148
775,Judy,Palmer,jpalmerli@woothemes.com,Female,128.243.74.224
776,Cynthia,Wood,cwoodlj@aol.com,Female,13.244.251.100
777,Matthew,Stephens,mstephenslk@businessweek.com,Male,50.233.74.190
778,Anna,Bryant,abryantll@ow.ly,Female,184.141.83.45
779,Kelly,Carpenter,kcarpenterlm@so-net.ne.jp,Female,72.179.145.236
780,Jesse,Murray,jmurrayln@pcworld.com,Male,165.78.207.19
781,Jeremy,Cole,jcolelo@ustream.tv,Male,46.107.43.44
782,Steven,Bradley,sbradleylp@nature.com,Male,142.56.212.200
783,Heather,Ray,hraylq@rakuten.co.jp,Female,196.138.30.125
784,Linda,Arnold,larnoldlr@google.com.au,Female,66.184.110.226
785,Paula,Ruiz,pruizls@bloglovin.com,Female,113.70.79.99
786,Patricia,Stephens,pstephenslt@shareasale.com,Female,240.23.52.213
787,Shawn,Austin,saustinlu@hibu.com,Male,43.58.123.94
788,Billy,Price,bpricelv@google.com.au,Male,103.58.211.123
789,Kathryn,Berry,kberrylw@nsw.gov.au,Female,94.112.185.19
790,Maria,Kennedy,mkennedylx@army.mil,Female,152.76.55.107
791,Bonnie,Garcia,bgarcialy@bloglines.com,Female,152.237.137.137
792,Lawrence,Stevens,lstevenslz@dmoz.org,Male,255.165.94.241
793,Albert,Franklin,afranklinm0@booking.com,Male,47.93.70.211
794,Gloria,Mendoza,gmendozam1@apple.com,Female,55.243.87.228
795,Peter,Snyder,psnyderm2@howstuffworks.com,Male,118.199.62.235
796,Virginia,Banks,vbanksm3@seattletimes.com,Female,164.36.116.57
797,Kathy,Bennett,kbennettm4@eepurl.com,Female,186.74.56.224
798,Rachel,Murphy,rmurphym5@hud.gov,Female,104.228.204.254
799,Sean,Foster,sfosterm6@businesswire.com,Male,253.96.7.81
800,Kathryn,Kelly,kkellym7@sina.com.cn,Female,103.172.126.60
801,Anne,Ortiz,aortizm8@webs.com,Female,43.194.8.156
802,Laura,Simpson,lsimpsonm9@blogtalkradio.com,Female,142.30.120.44
803,Jeffrey,Hernandez,jhernandezma@mozilla.com,Male,22.87.30.5
804,Louis,Murray,lmurraymb@netscape.com,Male,111.87.190.37
805,Ronald,Carpenter,rcarpentermc@nhs.uk,Male,203.197.31.122
806,Harold,Woods,hwoodsmd@elpais.com,Male,36.11.129.182
807,Jacqueline,Edwards,jedwardsme@nasa.gov,Female,68.115.62.58
808,Shawn,Perkins,sperkinsmf@hud.gov,Male,34.135.221.123
809,Bobby,Walker,bwalkermg@arstechnica.com,Male,165.201.249.120
810,Jimmy,Mills,jmillsmh@cnn.com,Male,25.219.223.158
811,Sean,Torres,storresmi@dmoz.org,Male,214.103.242.69
812,Amanda,Hudson,ahudsonmj@naver.com,Female,109.73.91.168
813,Walter,Coleman,wcolemanmk@sogou.com,Male,50.4.18.115
814,Harold,Stanley,hstanleyml@exblog.jp,Male,220.33.130.91
815,Rebecca,Lynch,rlynchmm@theatlantic.com,Female,58.130.156.187
816,Christina,Cooper,ccoopermn@sogou.com,Female,155.79.5.167
817,Nancy,Miller,nmillermo@shareasale.com,Female,141.152.155.244
818,Timothy,Reynolds,treynoldsmp@yelp.com,Male,131.113.64.55
819,Lori,Jackson,ljacksonmq@addthis.com,Female,146.38.129.244
820,Dorothy,Morgan,dmorganmr@walmart.com,Female,138.201.76.202
821,Christopher,Hayes,chayesms@google.ca,Male,135.145.226.162
822,Andrea,Fields,afieldsmt@people.com.cn,Female,62.48.93.37
823,Edward,Bishop,ebishopmu@huffingtonpost.com,Male,49.131.166.156
824,Jeremy,Henry,jhenrymv@google.com.br,Male,229.197.226.47
825,Harry,Armstrong,harmstrongmw@histats.com,Male,72.90.55.190
826,Fred,Reyes,freyesmx@diigo.com,Male,0.159.195.95
827,Bruce,Owens,bowensmy@wunderground.com,Male,247.111.91.224
828,Tina,Dixon,tdixonmz@walmart.com,Female,207.172.185.94
829,Janet,Riley,jrileyn0@facebook.com,Female,133.181.141.181
830,Russell,Nelson,rnelsonn1@qq.com,Male,191.47.233.1
831,Charles,George,cgeorgen2@dailymotion.com,Male,174.194.180.40
832,Kathryn,Jenkins,kjenkinsn3@xing.com,Female,37.174.123.207
833,Irene,Castillo,icastillon4@boston.com,Female,174.231.73.231
834,Maria,Payne,mpaynen5@seattletimes.com,Female,102.96.243.234
835,Jack,Hart,jhartn6@acquirethisname.com,Male,94.194.215.156
836,Marilyn,Harrison,mharrisonn7@dyndns.org,Female,160.170.224.226
837,Stephanie,Berry,sberryn8@rambler.ru,Female,63.209.3.68
838,Jeffrey,Robertson,jrobertsonn9@china.com.cn,Male,83.101.26.68
839,Julia,Ferguson,jfergusonna@people.com.cn,Female,112.101.122.30
840,William,Ryan,wryannb@boston.com,Male,153.217.151.223
841,Maria,Robinson,mrobinsonnc@alexa.com,Female,112.16.33.226
842,Elizabeth,Cunningham,ecunninghamnd@jugem.jp,Female,18.164.123.206
843,Roy,White,rwhitene@dion.ne.jp,Male,7.116.121.227
844,Thomas,Hawkins,thawkinsnf@4shared.com,Male,196.200.247.82
845,Dennis,Richardson,drichardsonng@weibo.com,Male,186.154.9.77
846,Timothy,Graham,tgrahamnh@zimbio.com,Male,38.91.150.253
847,Clarence,Armstrong,carmstrongni@last.fm,Male,149.106.134.74
848,Mark,Griffin,mgriffinnj@google.de,Male,124.206.56.220
849,Bruce,Gray,bgraynk@unesco.org,Male,250.210.168.167
850,Christopher,Little,clittlenl@opensource.org,Male,48.98.122.230
851,Lawrence,Anderson,landersonnm@accuweather.com,Male,5.51.62.177
852,Margaret,Hudson,mhudsonnn@blinklist.com,Female,25.127.65.105
853,Ronald,Baker,rbakerno@who.int,Male,248.57.49.165
854,Anne,Gonzales,agonzalesnp@umich.edu,Female,198.206.42.98
855,Amy,Sullivan,asullivannq@businessinsider.com,Female,137.132.164.179
856,Philip,Sanders,psandersnr@hubpages.com,Male,101.95.51.97
857,Lois,Webb,lwebbns@prlog.org,Female,208.33.193.187
858,Samuel,Jordan,sjordannt@usgs.gov,Male,108.12.123.235
859,Kathryn,Holmes,kholmesnu@gmpg.org,Female,82.209.99.148
860,Roy,Schmidt,rschmidtnv@google.com.au,Male,135.206.226.1
861,Jerry,Evans,jevansnw@squidoo.com,Male,232.61.74.6
862,Anne,Anderson,aandersonnx@miitbeian.gov.cn,Female,204.32.228.38
863,Robin,Clark,rclarkny@amazon.de,Female,188.118.68.143
864,Helen,Austin,haustinnz@jiathis.com,Female,28.150.143.237
865,Diane,Porter,dportero0@bbc.co.uk,Female,228.61.255.135
866,Pamela,Campbell,pcampbello1@blog.com,Female,254.25.71.57
867,Roger,Scott,rscotto2@psu.edu,Male,246.102.177.101
868,George,Stephens,gstephenso3@smugmug.com,Male,19.121.60.238
869,Sara,Hicks,shickso4@nymag.com,Female,177.133.79.74
870,Albert,Coleman,acolemano5@blogtalkradio.com,Male,146.118.130.30
871,Helen,Bowman,hbowmano6@soundcloud.com,Female,58.213.23.227
872,Melissa,Carter,mcartero7@odnoklassniki.ru,Female,191.192.158.86
873,Harold,Duncan,hduncano8@example.com,Male,32.51.192.67
874,Marie,Kennedy,mkennedyo9@accuweather.com,Female,127.232.233.204
875,Eugene,Cox,ecoxoa@ucoz.com,Male,221.28.247.87
876,Joe,Porter,jporterob@oaic.gov.au,Male,28.62.91.108
877,Donna,Cook,dcookoc@bravesites.com,Female,48.53.95.143
878,Aaron,Simpson,asimpsonod@zimbio.com,Male,199.3.60.125
879,Marie,Spencer,mspenceroe@mashable.com,Female,167.78.197.3
880,William,Anderson,wandersonof@artisteer.com,Male,33.201.153.151
881,Todd,Day,tdayog@thetimes.co.uk,Male,170.0.117.224
882,Ronald,Cooper,rcooperoh@about.com,Male,35.51.9.56
883,Daniel,Elliott,delliottoi@shareasale.com,Male,151.167.184.99
884,Sean,Mills,smillsoj@aol.com,Male,223.10.92.97
885,Roy,Thomas,rthomasok@phpbb.com,Male,61.104.90.163
886,Brenda,Lee,bleeol@hhs.gov,Female,132.59.176.108
887,Diane,Cox,dcoxom@miibeian.gov.cn,Female,105.157.72.222
888,Rebecca,Black,rblackon@163.com,Female,140.54.100.10
889,Barbara,Morris,bmorrisoo@miitbeian.gov.cn,Female,175.165.211.84
890,Laura,Collins,lcollinsop@4shared.com,Female,238.107.120.50
891,Anthony,Lawson,alawsonoq@photobucket.com,Male,103.45.27.243
892,Mildred,Young,myoungor@uiuc.edu,Female,55.96.32.201
893,Elizabeth,Fox,efoxos@noaa.gov,Female,237.169.30.107
894,Janice,Gray,jgrayot@cargocollective.com,Female,42.69.246.99
895,Clarence,Kelley,ckelleyou@china.com.cn,Male,247.155.44.38
896,Ernest,Rodriguez,erodriguezov@webnode.com,Male,195.181.178.80
897,Phyllis,Wells,pwellsow@mapy.cz,Female,90.66.160.188
898,Cynthia,Daniels,cdanielsox@webeden.co.uk,Female,220.41.49.134
899,Robin,Mason,rmasonoy@mail.ru,Female,162.54.167.170
900,Todd,Scott,tscottoz@nsw.gov.au,Male,215.54.134.198
901,Pamela,Stephens,pstephensp0@freewebs.com,Female,235.54.111.21
902,Sean,Wilson,swilsonp1@auda.org.au,Male,250.237.159.138
903,Annie,Graham,agrahamp2@1688.com,Female,175.124.44.5
904,Ruby,Romero,rromerop3@google.com.hk,Female,186.159.241.247
905,Amy,Chapman,achapmanp4@tripadvisor.com,Female,5.170.9.169
906,Laura,Freeman,lfreemanp5@thetimes.co.uk,Female,36.11.112.171
907,Richard,Fuller,rfullerp6@flickr.com,Male,31.210.170.244
908,Christina,Lee,cleep7@vimeo.com,Female,175.189.56.23
909,Lisa,Fernandez,lfernandezp8@instagram.com,Female,146.188.74.42
910,Matthew,Price,mpricep9@xinhuanet.com,Male,162.155.27.153
911,Stephanie,Hughes,shughespa@aol.com,Female,221.159.120.238
912,Tina,Hunt,thuntpb@alexa.com,Female,105.23.3.217
913,Robert,Henry,rhenrypc@businesswire.com,Male,192.188.88.164
914,Christopher,Mccoy,cmccoypd@google.co.uk,Male,209.201.56.241
915,Ronald,Ray,rraype@xrea.com,Male,8.34.96.50
916,Carolyn,Sullivan,csullivanpf@zdnet.com,Female,97.107.48.246
917,Jane,Crawford,jcrawfordpg@sogou.com,Female,81.82.187.7
918,Ruby,Bell,rbellph@gizmodo.com,Female,143.124.73.163
919,Adam,Foster,afosterpi@europa.eu,Male,27.48.49.65
920,Stephanie,Medina,smedinapj@linkedin.com,Female,88.159.238.40
921,Mary,Andrews,mandrewspk@macromedia.com,Female,55.212.134.227
922,Katherine,Evans,kevanspl@noaa.gov,Female,119.76.137.120
923,Mark,Fuller,mfullerpm@mtv.com,Male,154.218.138.200
924,Diana,Harris,dharrispn@youtu.be,Female,95.167.254.159
925,Jane,Jackson,jjacksonpo@printfriendly.com,Female,22.104.255.173
926,Cynthia,Richards,crichardspp@slate.com,Female,109.99.156.177
927,Jane,Cooper,jcooperpq@go.com,Female,241.187.14.188
928,Russell,Moore,rmoorepr@geocities.com,Male,111.98.64.222
929,Carolyn,Medina,cmedinaps@nymag.com,Female,170.218.110.4
930,Ronald,Robinson,rrobinsonpt@ted.com,Male,225.146.25.116
931,Mark,Turner,mturnerpu@twitpic.com,Male,246.243.119.181
932,Patrick,Gutierrez,pgutierrezpv@hatena.ne.jp,Male,148.38.92.114
933,Juan,Russell,jrussellpw@webs.com,Male,220.226.48.172
934,Donald,Willis,dwillispx@bbc.co.uk,Male,194.154.215.82
935,Timothy,Garrett,tgarrettpy@blogs.com,Male,108.101.246.186
936,Katherine,Murphy,kmurphypz@time.com,Female,160.191.59.31
937,Fred,Wallace,fwallaceq0@bbb.org,Male,186.123.169.181
938,Howard,Payne,hpayneq1@seattletimes.com,Male,196.250.72.157
939,Ashley,Harvey,aharveyq2@bandcamp.com,Female,241.53.124.96
940,Frank,Reid,freidq3@clickbank.net,Male,77.109.249.126
941,Stephanie,Morrison,smorrisonq4@de.vu,Female,113.9.8.129
942,Steve,Alvarez,salvarezq5@dell.com,Male,58.139.245.145
943,Martin,Mcdonald,mmcdonaldq6@slideshare.net,Male,24.60.9.93
944,Jeffrey,Holmes,jholmesq7@fc2.com,Male,253.110.70.37
945,Susan,Bell,sbellq8@usgs.gov,Female,198.151.43.75
946,Irene,Long,ilongq9@bbb.org,Female,126.182.78.6
947,Alice,Long,alongqa@blog.com,Female,28.192.77.182
948,Heather,Scott,hscottqb@cbslocal.com,Female,85.129.155.193
949,Mark,Carter,mcarterqc@storify.com,Male,174.62.168.63
950,Harry,Franklin,hfranklinqd@dailymotion.com,Male,149.206.19.69
951,Nicole,Washington,nwashingtonqe@cnbc.com,Female,117.109.236.45
952,Samuel,Larson,slarsonqf@wisc.edu,Male,71.130.104.181
953,Brian,Patterson,bpattersonqg@usatoday.com,Male,237.213.244.56
954,Joe,Banks,jbanksqh@usnews.com,Male,57.224.170.27
955,Michael,Alexander,malexanderqi@opera.com,Male,193.229.206.90
956,Scott,Perry,sperryqj@gov.uk,Male,176.128.143.131
957,Jacqueline,Larson,jlarsonqk@vk.com,Female,249.168.10.158
958,Diana,Johnson,djohnsonql@fotki.com,Female,34.54.156.234
959,John,Kelly,jkellyqm@phpbb.com,Male,220.61.118.96
960,Rose,Olson,rolsonqn@slideshare.net,Female,159.11.124.81
961,Benjamin,Russell,brussellqo@paginegialle.it,Male,91.165.127.115
962,Kimberly,Mills,kmillsqp@dagondesign.com,Female,233.118.95.47
963,Albert,Parker,aparkerqq@ebay.co.uk,Male,172.201.41.217
964,Antonio,Little,alittleqr@noaa.gov,Male,49.214.199.93
965,Jack,Harris,jharrisqs@mac.com,Male,163.109.218.171
966,Mark,Sims,msimsqt@amazon.com,Male,246.215.181.242
967,Pamela,Brown,pbrownqu@state.gov,Female,79.43.95.108
968,Helen,Rose,hroseqv@yandex.ru,Female,38.148.107.254
969,Linda,Myers,lmyersqw@indiegogo.com,Female,131.107.175.217
970,Rose,Ray,rrayqx@mtv.com,Female,188.10.132.208
971,Christopher,Fowler,cfowlerqy@vk.com,Male,71.38.40.73
972,Sara,Marshall,smarshallqz@reverbnation.com,Female,235.197.37.87
973,Susan,Daniels,sdanielsr0@arstechnica.com,Female,125.9.7.93
974,Michael,Howell,mhowellr1@technorati.com,Male,46.110.94.118
975,Frances,Torres,ftorresr2@flavors.me,Female,121.243.153.176
976,Lois,Reyes,lreyesr3@youtube.com,Female,166.247.234.110
977,Roy,Stewart,rstewartr4@freewebs.com,Male,94.228.194.197
978,Andrew,Carr,acarrr5@redcross.org,Male,60.88.7.6
979,Carolyn,West,cwestr6@forbes.com,Female,222.172.93.113
980,Jesse,Griffin,jgriffinr7@amazon.co.jp,Male,114.72.80.17
981,Norma,Nelson,nnelsonr8@discuz.net,Female,194.33.170.32
982,Sarah,Rose,sroser9@dot.gov,Female,161.43.246.170
983,Kathryn,Howard,khowardra@timesonline.co.uk,Female,26.209.139.176
984,Philip,Wood,pwoodrb@devhub.com,Male,137.46.57.68
985,Stephanie,Sanchez,ssanchezrc@flickr.com,Female,42.132.141.53
986,Steve,Jones,sjonesrd@wix.com,Male,52.57.255.88
987,Julie,Porter,jporterre@friendfeed.com,Female,41.78.37.20
988,Pamela,Reyes,preyesrf@imgur.com,Female,82.86.114.190
989,Todd,Wheeler,twheelerrg@omniture.com,Male,131.147.223.186
990,Bruce,Fields,bfieldsrh@rediff.com,Male,130.75.228.138
991,Diana,Robertson,drobertsonri@hostgator.com,Female,159.92.46.244
992,Heather,Ortiz,hortizrj@mapy.cz,Female,6.243.27.45
993,Joan,Greene,jgreenerk@gnu.org,Female,100.180.7.13
994,Diana,Richardson,drichardsonrl@aboutads.info,Female,180.49.170.60
995,Matthew,Moore,mmoorerm@amazonaws.com,Male,136.250.136.106
996,Fred,Morales,fmoralesrn@naver.com,Male,220.232.71.37
997,Janet,Taylor,jtaylorro@ow.ly,Female,99.11.119.35
998,Jimmy,Stone,jstonerp@timesonline.co.uk,Male,10.172.127.237
999,Todd,Matthews,tmatthewsrq@epa.gov,Male,101.82.38.156
1000,Michael,Stevens,mstevensrr@moonfruit.com,Male,211.109.83.240
